{
  "description": "Cleanup: use app/ only, remove duplicates, ignore .next, empty README (no UI changes)",
  "meta": {
    "title": "Cleanup: use app/ only, remove duplicates, ignore .next, empty README",
    "safe": true,
    "no_ui_changes": true,
    "notes": [
      "Adopt app/ as the only app directory.",
      "Remove tracked .next build and obvious duplicate configs.",
      "Do NOT add buttons/features. Pure housekeeping.",
      "If both app/ and src/app contain the same file path, we KEEP app/ versions."
    ]
  },
  "ops": [
    {
      "op": "appendLines",
      "path": ".gitignore",
      "lines": [
        ".next/",
        "node_modules/",
        ".env",
        ".env*.local",
        "coverage/",
        "dist/",
        ".DS_Store",
        ".turbo/",
        ".vercel/",
        ".swc/"
      ],
      "unique": true,
      "createIfMissing": true
    },
    {
      "op": "deletePath",
      "path": ".next"
    },
    {
      "op": "deleteFileIfExists",
      "path": "postcss.config.js"
    },
    {
      "op": "deleteFileIfExists",
      "path": "tailwind.config.js"
    },
    {
      "op": "syncDir",
      "from": "src/app",
      "to": "app",
      "mode": "copy-only-missing",
      "skipIfMissing": true
    },
    {
      "op": "deletePath",
      "path": "src/app"
    },
    {
      "op": "truncateFile",
      "path": "README.md",
      "createIfMissing": true
    },
    {
      "op": "writeFile",
      "path": "tools/cleanup-report.txt",
      "contents": [
        "== Cleanup Report ==",
        "- Enforced app/ as the single application directory.",
        "- .gitignore: ensured .next/, node_modules/, .env*, coverage/, dist/, .DS_Store, .turbo, .vercel, .swc",
        "- Removed .next/ build artifacts.",
        "- Removed duplicate config files: postcss.config.js and tailwind.config.js (kept postcss.config.mjs and tailwind.config.ts).",
        "- Copied only-missing files from src/app -> app/; did NOT overwrite anything inside app/.",
        "- Deleted src/app to avoid ambiguity.",
        "- Emptied README.md as requested.",
        "",
        "No UI or feature changes were made."
      ]
    }
  ]
}
